Name,Gender,Age,Ethnicity/Race,Field,Position,Years of Experience
Susan,Female,25,White,Government,CyberSecurity engineer,2
Emily,Female,35,White,Government,Web Developer,5
Greg,Male,40,White,Government,CyberSecurity Manager,15
Mark,Male,35,White,Government,City Manager,5
Chris,Male,25,White,Government,CyberSecurity engineer,1
Jenny,Female,40,White,Government,City Planner,17
Susan,Female,25,White,Government,CyberSecurity engineer,2
Craig,Male,29,White,Government,Industrial engineer,3
Julia,Female,45,Hispanic,Government,Marketing Manager,25
Tim,Male,24,Black,Government,Software engineer,2
Chris,Male,20,Black,Government,Engineering intern,2
Jenny,Female,33,White,Government,Secretary,5
